parameter_id,display_name,value,unit,classification,source_location,notes
number_of_cells,Número de células,220,cells,MANUAL_HORIZON,"Manual V1.3, Tabela 4.2, p. 18","Valor declarado para o stack VLSIIPro66-22."
active_area_cm2,Área ativa inicial,300,cm2,HIPOTESE,"Hipótese do projeto — ETAPA 2","Não informada no manual; adotada como ponto de partida e sujeita a revisão futura."
stack_current_max_A,Corrente máxima normal do stack,450,A,MANUAL_HORIZON,"Manual V1.3, Tabela 4.2, p. 18","Limite superior da faixa 0–450 A."
stack_voltage_nominal_V,Tensão nominal do stack,145,V,MANUAL_HORIZON,"Manual V1.3, Tabela 4.2, p. 18","Tensão nominal declarada."
stack_voltage_min_V,Tensão mínima da faixa do stack,110,V,MANUAL_HORIZON,"Manual V1.3, Tabela 4.2, p. 18","Limite inferior da faixa 110–220 V."
stack_voltage_max_V,Tensão máxima da faixa do stack,220,V,MANUAL_HORIZON,"Manual V1.3, Tabela 4.2, p. 18","Limite superior da faixa 110–220 V."
stack_rated_power_kW,Potência nominal bruta do stack,66,kW,MANUAL_HORIZON,"Manual V1.3, Tabela 4.2, p. 18","Potência nominal do stack."
system_rated_power_kW,Potência nominal do sistema,50,kW,MANUAL_HORIZON,"Manual V1.3, Tabela 4.2, p. 18","Potência nominal do sistema integrado."
system_peak_power_kW,Potência de pico do sistema,51,kW,MANUAL_HORIZON,"Manual V1.3, Tabela 4.2, p. 18","Potência de pico declarada."
recommended_output_min_percent,Saída recomendada mínima,20,%,MANUAL_HORIZON,"Manual V1.3, Tabela 4.2, p. 18","Limite inferior da faixa recomendada de 20–80% da potência nominal."
recommended_output_max_percent,Saída recomendada máxima,80,%,MANUAL_HORIZON,"Manual V1.3, Tabela 4.2, p. 18","Limite superior da faixa recomendada de 20–80% da potência nominal."
ramp_up_kW_s,Rampa máxima de subida,2,kW/s,MANUAL_HORIZON,"Manual V1.3, Tabela 4.2, p. 18","Máxima resposta dinâmica de aumento de carga."
ramp_down_kW_s,Rampa máxima de descida,3.5,kW/s,MANUAL_HORIZON,"Manual V1.3, Tabela 4.2, p. 18","Máxima resposta dinâmica de redução de carga."
anode_pressure_nominal_kPag,Pressão nominal do ânodo,140,kPag,MANUAL_HORIZON,"Manual V1.3, Tabela 4.2, p. 19","Pressão manométrica nominal."
cathode_pressure_nominal_kPag,Pressão nominal do cátodo,120,kPag,MANUAL_HORIZON,"Manual V1.3, Tabela 4.2, p. 19","Pressão manométrica nominal."
hydrogen_utilization_min_percent,Utilização mínima declarada de hidrogênio,97,%,MANUAL_HORIZON,"Manual V1.3, Tabela 4.2, p. 19","O manual especifica utilização superior a 97%; 97% é armazenado como limite inferior."
hydrogen_consumption_max_kg_h,Consumo máximo declarado de hidrogênio,4.8,kg/h,MANUAL_HORIZON,"Manual V1.3, Tabela 4.2, p. 19","Limite máximo declarado; não é tratado como ponto nominal de calibração."
dc_dc_efficiency_max_percent,Eficiência máxima do DC/DC,97,%,MANUAL_HORIZON,"Manual V1.3, seção 4.4.3, p. 23","Valor máximo publicado; a ETAPA 5 usa eficiência constante como hipótese preliminar."
air_consumption_max_g_s,Consumo máximo de ar,80,g/s,MANUAL_HORIZON,"Manual V1.3, Tabela 4.2, p. 19","Limite máximo declarado para o sistema de alimentação de ar."
heat_dissipation_rated_max_kW,Dissipação térmica máxima na potência nominal,70,kW,MANUAL_HORIZON,"Manual V1.3, Tabela 4.2, p. 19","Valor BOL usado para verificar o calor de reação aproximado do stack."
